accuracy,precision,recall,f1,cf_report
0.6829208726799089,0.7021519542709869,0.6829208726799089,0.6764821870669522,"              precision    recall  f1-score   support

    negative       0.65      0.84      0.73      3972
     neutral       0.77      0.54      0.63      5937
    positive       0.62      0.79      0.70      2375

    accuracy                           0.68     12284
   macro avg       0.68      0.72      0.69     12284
weighted avg       0.70      0.68      0.68     12284
"
