accuracy,precision,recall,f1
0.6829208726799089,0.7021519542709869,0.6829208726799089,0.6764821870669522
